Date,Manifest
2016-06-29T03-56-39Z,4180590405597713716
2016-06-29T05-34-28Z,7926661550074548930
2016-07-01T02-40-21Z,5937396277352677720
2016-07-07T03-10-27Z,5234716332756009057
2016-07-08T04-46-39Z,675319925160172554
2016-07-13T06-44-00Z,394418314086580303
2016-07-13T07-17-11Z,2793222674831519927
2016-07-20T05-31-57Z,3518826461438877478
2016-07-20T05-48-33Z,1105116417500379163
2016-07-22T04-12-22Z,4041085561776802553
2016-07-22T04-40-14Z,2224171743476188630
2016-07-27T06-56-04Z,797475839536905254
2016-07-29T05-16-15Z,3601417244482181468
2016-08-02T23:06:51Z,356844315186453937
2016-08-11T06-36-31Z,2459083052223685832
2016-08-11T06-46-55Z,5704849664609135853
2016-08-11T06-46-55Z,5704849664609135853
2016-08-11T07-34-40Z,20170328095030222
2016-08-17T04-40-29Z,6017726618797772377
2016-08-17T21-41-56Z,8414822626868729817
2016-08-17T22-41-19Z,7115392148801672603
2016-08-24T22-52-50Z,5360232407282512201
2016-08-31T07-41-47Z,3233729662911539772
2016-08-31T07-43-43Z,3798172550462140867
2016-09-08T05-33-59Z,394935228226334493
2016-09-15T05-23-29Z,6639491001730954404
2016-09-21T06-09-09Z,7007068986923462121
2016-09-21T06-16-53Z,386252387837028876
2016-09-29T03-50-46Z,4329015347430869236
2016-10-06T06-05-15Z,1591673639619502502
2016-10-07T22-37-37Z,2501384732285060244
2016-10-18T05-49-40Z,5317305413924462757
2016-10-27T00-30-17Z,1604792277333790762
2016-10-29T05-13-10Z,5383238034238139872
2016-11-04T04-33-47Z,976486110269581733
2016-11-09T03-55-23Z,3009411680931499705
2016-11-10T04-25-42Z,860756852849299734
2016-11-17T00-34-45Z,424546141649632564
2016-11-23T06-26-08Z,2999110564380282122
2016-11-24T07-55-54Z,8464629802564135940
2016-11-30T02-32-10Z,1964111244192991547
2016-12-09T08-11-41Z,8224493981844824938
2016-12-10T01-13-48Z,1341823113150898819
2016-12-17T00-35-04Z,8356502470941083689
2016-12-23T07-09-33Z,44843189150346366
2017-01-07T07-41-28Z,1355637356417786081
2017-01-11T00:18:10Z,4426211608086196524
2017-01-18T06-10-07Z,4350859901318817364
2017-01-19T04-01-59Z,7500062053385944746
2017-01-20T06-17-12Z,8061750969870240553
2017-01-20T06-17-12Z,8061750969870240553
2017-01-26T06-14-27Z,151686977716385839
2017-02-01T06-33-25Z,2184174500936477594
2017-02-04T04-53-02Z,4682896605443297458
2017-02-10T06-48-05Z,2420201992531381519
2017-02-11T05-57-56Z,7694317481478922956
2017-02-14T02-47-24Z,7169987427560345612
2017-02-14T07-05-12Z,7452447116407047837
2017-02-23T00-52-07Z,2859847576718116651
2017-02-24T04-40-18Z,6859627191769621156
2017-02-25T03-15-01Z,1736465827698404753
2017-03-02T02-37-31Z,6135625719507137531
2017-03-09T07-36-59Z,512603081605663477
2017-03-10T06-31-01Z,3013939933633696253
2017-03-13T23-47-14Z,1917087114031565919
2017-03-14T03-52-18Z,7031178245801109076
2017-03-17T23-39-02Z,1867696127010072960
2017-03-23T07-01-13Z,4635637071237364407
2017-03-24T00-27-38Z,157323939332896781
2017-03-24T04-50-23Z,1655320907991352027
2017-03-25T04-00-09Z,429961858648164484
2017-03-29T03-58-30Z,7797052052086516007
2017-03-29T06-00-33Z,557226448350250124
2017-03-31T04-56-34Z,6638434957706912439
2017-04-08T01-06-02Z,7036253055790919140
2017-04-13T01-49-04Z,4374944403903181132
2017-04-15T03-03-37Z,6660160640342553930
2017-04-21T02-49-30Z,1708612398542181927
2017-04-28T05-59-53Z,2724903402798746611
2017-04-29T04-25-43Z,6411602155504538080
2017-05-05T04-49-38Z,6617834564374838200
2017-05-06T04-42-09Z,4447259622368935190
2017-05-09T02-53-45Z,7563719390569238903
2017-05-09T23-09-30Z,7775614989016621550
2017-05-20T04-29-28Z,2527895551030130502
2017-05-20T05-30-19Z,1938376462467514898
2017-05-21T06-31-05Z,111528910291636430
2017-05-23T23-12-22Z,3113799905038620046
2017-06-09T01-14-56Z,7316990286433797333
2017-06-09T03-38-26Z,7086910194525152136
2017-06-14T02-34-57Z,2221582477109258609
2017-06-23T21-23-52Z,1556551835360591493
2017-06-25T09-07-32Z,2109968245044975233
2017-06-27T02-41-58Z,7707708171552738217
2017-07-11T04-44-03Z,1589897961036122544
2017-07-12T05-15-07Z,8059404486147353055
2017-07-12T05-20-17Z,4776057137356809898
2017-07-12T23-43-34Z,2932388464690083659
2017-07-21T06-03-07Z,5887722486724265435
2017-07-22T04-45-56Z,4925410960753961067
2017-07-28T05-14-51Z,1167997133776571684
2017-08-04T04-54-25Z,6065395139861851248
2017-08-05T00-51-05Z,6858761309844944856
2017-08-08T02-40-33Z,5457546806278092971
2017-08-15T02-16-49Z,878274117621657266
2017-08-18T05-26-42Z,106437243638548470
2017-08-23T02-54-30Z,8767618684281036379
2017-09-01T05-07-05Z,3459941088193637200
2017-09-02T04-25-13Z,3899853783182366588
2017-09-11T22-46-16Z,7285995850302779742
2017-09-15T04-01-47Z,909705437417763467
2017-10-02T21-25-30Z,8267987913704360820
2017-10-02T22-15-46Z,7189802214776500735
2017-10-04T02-26-59Z,5097373200380607830
2017-10-06T02-48-34Z,508117852143706917
2017-10-14T02-45-38Z,9044764189335465748
2017-10-20T00-15-04Z,1397517903675483731
2017-10-28T00-21-58Z,1443494703610945087
2017-10-28T05-35-02Z,398252297428013300
2017-11-01T01-37-38Z,3171274018253403050
2017-11-04T02-29-04Z,4239320714627442323
2017-11-10T05-49-07Z,3186840471977606292
2017-11-18T22-11-39Z,6258316584260598560
2017-11-21T05-44-33Z,6274982063416276948
2017-12-01T04-39-18Z,423813208838963499
2017-12-15T06-29-10Z,5289494715554966483
2017-12-20T21:50:35Z,8085942183583969702
2018-01-13T03-13-25Z,7805431100826792241
2018-01-13T03-13-25Z,7805431100826792241
2018-01-18T06-17-10Z,4484636294404304535
2018-02-02T01-04-59Z,6013322478435763046
2018-02-03T01-35-48Z,7236551857882554554
2018-02-15T23-48-13Z,5848972363929365350
2018-02-17T03-16-39Z,8142087113497352209
2018-02-22T04-13-28Z,4420801733989897445
2018-03-02T01-14-27Z,3216161664209849606
2018-03-02T03-20-27Z,4037135149930156318
2018-03-03T22-00-42Z,1118596612051042182
2018-03-06T00-39-58Z,4052215436610137454
2018-03-16T00-55-21Z,4220356419979868090
2018-03-17T00-35-40Z,1820757600679449497
2018-03-20T23-43-25Z,8770150353765851943
2018-04-05T23-22-43Z,8442049065322269756
2018-04-12T22-08-52Z,5073294050098184819
2018-04-14T02-58-42Z,6016813016749077978
2018-04-27T22-51-13Z,2313442255500281401
2018-04-29T21-28-39Z,8271519225986407483
2018-05-02T01-11-57Z,1238523315800122184
2018-05-05T00-50-17Z,181945085197611952
2018-05-09T23-37-59Z,8220680436138526837
2018-05-11T22-12-06Z,3540176249697123058
2018-05-15T22-07-52Z,276973053162757443
2018-05-16T23-37-57Z,5100465187399882023
2018-05-26T05-00-13Z,4060364212938800220
2018-05-30T04-27-44Z,942313249613397668
2018-06-06T22-52-43Z,406907973942562536
2018-06-08T03-55-49Z,5191091334350316840
2018-06-09T01-22-33Z,1180669471052431665
2018-06-21T04-30-05Z,6551901606299236741
2018-06-22T04-34-04Z,8810573774841826682
2018-07-13T21-30-36Z,7215521011309491864
2018-07-17T21-57-37Z,5685623469708947678
2018-07-19T03-36-19Z,3508314630122133762
2018-07-21T00-10-36Z,9192535612148196234
2018-07-27T02-13-12Z,2798276812346765733
2018-07-28T03-32-16Z,6815323762502625569
2018-08-01T02-35-15Z,7711594188166789780
2018-08-04T02-12-46Z,7606648147332447514
2018-08-10T01-52-57Z,1977224272263690053
2018-08-11T02-16-20Z,2623162413694457681
2018-08-28T20-00-26Z,7679798170668024064
2018-08-31T00-23-22Z,8708810014777186446
2018-08-31T01-05-57Z,8292530094402723359
2018-09-08T01-35-54Z,7763898423339170417
2018-09-14T22-44-25Z,926897397772805009
2018-09-28T01-32-54Z,5112800850661766506
2018-09-29T04-17-32Z,678246311108928276
2018-09-29T06-31-03Z,7148576085562359333
2018-09-30T01-19-48Z,8472574316878862735
2018-10-12T03-46-07Z,8254847920944208371
2018-10-13T01-50-41Z,6943606948982362268
2018-10-26T02-07-23Z,1804986234319208248
2018-11-06T04-42-06Z,340101847129293281
2018-11-09T00-42-18Z,6237055234290468333
2018-11-16T01-00-52Z,2538457149791015466
2018-11-17T05-31-17Z,8188591807556222315
2018-11-21T23-28-53Z,571906163852710326
2018-12-06T02-34-52Z,6628359842898080380
2018-12-07T02-26-17Z,4492080661376668040
2018-12-15T00-12-52Z,1421943146240504109
2018-12-20T02-04-44Z,7089892903580845400
2018-12-21T02-03-57Z,7935806666775951302
2019-01-19T00-43-25Z,7700717833951446611
2019-01-25T21-47-19Z,4470782925300260923
2019-01-30T01-05-38Z,2756916550375388368
2019-02-07T23-24-01Z,2026425126113952573
2019-02-15T03-55-35Z,7771374610905981472
2019-03-15T03-23-50Z,374730713245621885
2019-03-16T04-18-59Z,709237215407709634
2019-03-19T22-33-35Z,504190851593979573
2019-04-23T19-25-47Z,619033774873095936
2019-04-24T19-07-27Z,9085878949463109094
2019-04-25T23-23-01Z,6185049689623293718
2019-05-01T01-58-27Z,859918154791893432
2019-05-03T01-29-55Z,6305737476812342641
2019-06-05T04-32-06Z,5317899065588351359
2019-06-06T18-02-12Z,8365380216693009916
2019-06-11T18-05-32Z,1947085331244888856
2019-06-27T18-02-36Z,35938996036399002
2019-06-28T17-58-34Z,7996086750005581273
2019-07-02T21-01-39Z,9040519409788641767
2019-07-09T18-00-15Z,2965285279018478837
2019-07-18T21-59-49Z,7658323871466054680
2019-07-23T17-56-01Z,5915887700806228164
2019-07-23T18-53-08Z,4693569285935572384
2019-07-30T17-59-42Z,4043754249033784000
2019-08-01T22-10-40Z,7529139180918012566
2019-08-06T21-50-47Z,5639332342785897485
2019-08-13T21-43-29Z,1372795760834778428
2019-08-20T18-04-18Z,2886220549945716733
2019-08-27T18-02-14Z,8971929951783317494
2019-09-05T21-54-23Z,1720127094789649875
2019-09-06T18-10-55Z,3740416007224945875
2019-09-10T18-23-19Z,3817258843939969587
2019-09-17T18-26-51Z,8343874037118615738
2019-09-24T20-24-08Z,4791756611039694787
2019-10-02T18-21-06Z,410777959479966924
2019-10-10T22-00-53Z,7477009420532447045
2019-10-11T18-08-50Z,7111541706552293402
2019-10-15T18-09-44Z,6759196584658214391
2019-10-15T21-15-10Z,7347948835922195841
2019-10-16T18-39-10Z,5355413196059622437
2019-10-22T18-14-18Z,1443786197990327171
2019-10-29T18-09-11Z,5120486837419374208
2019-10-31T02-45-04Z,3113419806750365889
2019-11-07T20-14-18Z,1920649049668801468
2019-11-08T20-57-32Z,5315927945872155777
2019-11-12T20-10-55Z,3952930323819311643
2019-11-21T20-08-33Z,7177272088743827206
2019-11-26T00-13-27Z,3758688414374192473
2019-12-06T23-22-24Z,8322364491392889253
2019-12-13T07-31-58Z,343815054766036484
2019-12-19T21-30-25Z,5948698735243937255
2020-01-16T23-52-14Z,6354528156106512379
2020-01-21T23-58-37Z,2113156792813307547
2020-01-27T22-25-16Z,7905064361203347857
2020-02-03T20-02-40Z,385148847021849890
2020-02-06T20-06-28Z,3043665932792163512
2020-03-05T00-00-58Z,1385844251939419607
2020-03-10T09-08-39Z,4766551521966830741
2020-03-27T06-58-55Z,2539899194395389618
2020-04-02T06-51-01Z,3669417317563627333
2020-04-08T06-56-55Z,3706709507199582170
2020-04-20T07-32-18Z,9119006898280485087
2020-04-30T07-03-10Z,6856763107021842453
2020-05-04T07-10-23Z,8711383531925002297
2020-05-13T07-01-18Z,8502897814266610891
2020-05-19T07-00-42Z,971386902671377675
2020-05-27T10-02-14Z,5708327461703404868
2020-06-09T07-16-08Z,1545703745448283545
2020-06-09T11-58-29Z,7438654684604191232
2020-06-16T07-11-36Z,7747515311053960730
2020-06-26T07-00-36Z,2707793457083179066
2020-07-01T07-10-54Z,819333407460269348
2020-07-09T07-00-49Z,5137844409455432790
2020-07-17T07-00-52Z,824980809844697935
2020-07-22T07-00-56Z,6096171698536201882
2020-07-28T07-00-49Z,37465864140382273
2020-08-04T08-00-43Z,1109057644854052159
2020-08-10T06-57-31Z,7806768423893934427
2020-08-25T07-00-43Z,8745551450717882149
2020-09-01T07-13-47Z,1918475150128917362
2020-09-02T07-41-25Z,3919593298565766086
2020-09-09T07-00-40Z,553783396802056954
2020-09-15T07-02-54Z,7098008177415642396
2020-09-22T07-02-53Z,2466414225875682163
2020-09-29T07-02-41Z,7570658998816372084
2020-09-29T13-03-57Z,2731970225462962921
2020-10-08T07-02-49Z,1830464523229227740
2020-10-12T07-02-41Z,2575087238759976025
2020-10-20T03:02:44Z,1651238414443650509
2020-10-27T07-06-03Z,513509119891045939
2020-10-27T07-06-03Z,513509119891045939
2020-11-04T09-04-52Z,4374408338230185042
2020-11-10T09-04-46Z,976934657853877610
2020-11-17T08-57-26Z,8613363023330547829
2020-11-20T04-17-42Z,963304308565975469
2020-11-24T09-04-43Z,5583908353776384549
2020-11-25T23-29-28Z,5094118593291630221
2020-12-15T09-04-42Z,2515998689772435328
2020-12-19T01-04-40Z,3856132724852001771
2020-12-19T04-34-48Z,4784008965058944912
2021-01-15T04:04:56Z,1345011155050689379
2021-01-28T09-28-46Z,8936309613064529436
2021-02-05T18-33-03Z,4214176151769797014
2021-02-05T18-33-03Z,4214176151769797014
2021-02-11T09-05-37Z,2214929176151797710
2021-02-19T09-16-52Z,5568376881932759542
2021-02-24T09-06-36Z,1668304353098978352
2021-03-04T09-33-43Z,1972508073464457969
2021-03-12T08-49-58Z,8575034338563056045
2021-03-25T06-50-09Z,6587823609368733405
2021-04-01T06-50-12Z,8052169807338694588
2021-04-09T21-50-35Z,2795471082075780015
2021-04-15T06-51-29Z,3376732136308148338
2021-04-22T06-49-53Z,8366061368821545929
2021-05-04T06-50-19Z,5245732397155375832
2021-05-07T21-50-09Z,7766723532115020403
2021-05-13T06-49-57Z,4565445889388980968
2021-05-24T06-50-09Z,1476067022411206994
2021-06-02T06-50-56Z,1904818789020381487
2021-06-08T06-49-57Z,6401229084114930863
2021-06-15T06-50-02Z,3779133792993641656
2021-06-25T06-49-59Z,2357363549411699610
2021-07-01T06-49-59Z,6815711303786259837
2021-07-09T06-51-36Z,7390196230889670083
2021-07-14T06-49-55Z,5757781658886069870
2021-07-21T07-05-04Z,749872836561791002
2021-07-28T06-51-35Z,6656234225007984301
2021-08-06T10-02-59Z,4900267945326108686
2021-08-11T06-59-15Z,7490578678027670178
2021-08-12T07-05-09Z,3201695645344476330
2021-08-19T06-49-59Z,3734638438632437496
2021-08-25T06-50-15Z,7611535694620830622
2021-09-01T06-50-50Z,2282418548878685483
2021-09-08T06-56-31Z,4927191614003655731
2021-09-15T06-51-06Z,9096888329221432028
2021-09-22T11-03-12Z,4495642363794043027
2021-09-29T06-54-35Z,5515810233259164887
2021-10-06T06-51-53Z,8551030667029251726
2021-10-13T06-51-36Z,5393617231452897078
2021-10-26T06-52-12Z,4476375403636749678
2021-10-28T21-06-29Z,6847381068872640684
2021-11-12T08-50-16Z,579262592839297531
2021-11-20T00-04-25Z,7097242090446385427
2021-11-30T00-59-31Z,6893027030056397631
2021-12-03T08-51-24Z,5139685477820370365
2021-12-08T09-43-44Z,8856866088214255842
2021-12-16T08-55-06Z,2249469937166260586
2021-12-18T04-20-47Z,3025717471759017702
2022-01-20T09-21-33Z,3008817658556881349
2022-02-02T08-56-06Z,937523817675049833
2022-02-09T08-51-09Z,9019523869596621972
2022-02-16T08-51-46Z,9037836832672645106
2022-02-25T08-54-49Z,2800208212683326113
2022-03-02T08-50-56Z,3923980740911990021
2022-03-09T08-50-14Z,3630672705004706929
2022-03-16T06-50-34Z,461647593765554581
2022-03-23T06-55-51Z,6498111350645449747
2022-03-30T06-50-13Z,4860694567153974568
2022-04-08T06-52-23Z,3300297416944352195
2022-04-15T06-50-51Z,5074805288827523797
2022-04-21T06-50-40Z,3357294209222359997
2022-04-28T06-50-43Z,7515621376213891010
2022-05-12T06-50-19Z,2586133705164702202
2022-05-19T06-50-09Z,6337851004861751095
2022-05-26T19-05-05Z,7338854173587998091
2022-05-27T07-01-18Z,8888693203251550795
2022-06-01T06-50-31Z,236902306177435419
2022-06-01T18-58-22Z,4854090034908693480
2022-06-07T21-21-22Z,961533153813920743
2022-06-08T06-51-42Z,9199251899543670990
2022-06-15T06-51-17Z,4566810486378348136
2022-06-23T06-51-48Z,1732080516995195175
2022-07-01T06-50-38Z,1921299718921527250
2022-07-07T06-50-26Z,881604451007931132
2022-07-15T06-51-19Z,7162979009930249066
2022-07-19T06-50-44Z,6169428350444980687
2022-08-08T15-03-44Z,4153466988165490530
2022-08-16T06-50-38Z,2800278753880416318
2022-08-26T07-03-14Z,8345686888801411116
2022-09-16T08-03-21Z,7157483552442540406
2022-09-27T06-50-34Z,551787151803862015
2022-10-12T06-50-27Z,3355317463165895317
2022-10-12T23-57-16Z,8775136119731514791
2022-10-18T05-22-59Z,762517316174093406
2022-10-20T05-42-47Z,820917770793392229
2022-10-21T07-30-30Z,659948890231840019
2022-11-04T06-50-25Z,8840536006495440831
2022-11-15T08-50-15Z,6876963500265329822
2022-11-29T08-59-43Z,6687345382794859242
2022-12-07T08-59-38Z,5117901179774428863
2022-12-12T12-49-27Z,1763766882994984095
2022-12-15T08-52-16Z,3370145490550225268
2023-01-04T08-50-38Z,3469313776165566745
2023-01-25T08-50-19Z,5270596667741297723
2023-01-31T08-50-31Z,6555528852274245330
2023-02-08T08-50-17Z,5765300808718942018
2023-02-15T08-50-31Z,2052477997406779909
2023-02-22T08-51-22Z,9418775692376180
2023-02-28T08-50-41Z,8992273859417381915
2023-03-07T08-51-12Z,7859140924515540835
2023-03-21T06-50-51Z,7490748483298966814
2023-03-29T06-48-09Z,5824157029437961211
2023-04-05T07-15-57Z,848843038097524282
2023-04-12T07-20-33Z,3668280474894052876
2023-04-18T06-58-58Z,6426603215211043630
2023-04-28T06-56-34Z,3179202846015471249
2023-05-04T06-52-34Z,7964146900306639517
2023-05-09T07-03-49Z,7937910774525923188
2023-05-16T06-52-06Z,1393626442295079667
2023-05-23T07-10-02Z,4740985908673535094
2023-05-24T06-48-07Z,8404983718530149913
2023-05-25T06-46-32Z,3871089161177763736
2023-06-01T07-03-04Z,2899699302988044876
2023-06-08T07-00-56Z,8537241752728172403
2023-06-21T07-02-21Z,3332492622123310277
2023-07-04T06-54-43Z,5880835316020350693
2023-07-25T07-53-22Z,4793924942413513187
2023-08-01T06-54-11Z,9217725912799522860
2023-08-11T06-53-01Z,9133461583667187446
2023-08-16T06-55-17Z,2764981199382899843
2023-08-29T06-53-33Z,374773384974353755
2023-09-06T06-53-47Z,1957069142347218099
2023-09-12T06-54-13Z,8029989743532624950
2023-09-25T06-53-51Z,6807363228187770433
2023-10-03T06-54-50Z,985321264749448722
2023-10-11T06-50-57Z,741108841480851070
2023-10-17T06-54-01Z,6377193315466269595
2023-10-25T07-40-51Z,6523299621521228118
2023-10-31T07-38-57Z,5010952225264392497
2023-11-08T09-55-13Z,7244465739539340913
2023-11-16T09-07-46Z,4365752376751232996
2023-11-29T08-58-59Z,7814702273218619742
2023-12-05T08-53-14Z,6938552653301008037
2023-12-12T08-50-49Z,5662739698108751330
2023-12-20T02-51-09Z,9010071090979861071
2024-01-03T09-43-01Z,4679290839791781862
2024-01-11T09-12-42Z,308727989146846911
2024-01-17T08-53-36Z,1615453195711060398
2024-01-22T08-52-29Z,7538549210248930609
2024-02-06T09-01-55Z,3580612710450248671
2024-02-14T09-04-41Z,6056369444322966638
2024-02-23T08-54-23Z,4136799246692151085
2024-02-29T09-08-23Z,4661643829095287654
2024-03-05T08-52-40Z,9065863366348518039
2024-03-12T06-55-43Z,5074502921936812721
2024-03-19T06-55-56Z,1458124650158979929
2024-03-26T06-55-42Z,6037351929700171145
2024-04-02T07-14-03Z,7422425414306310586
2024-04-16T07-15-21Z,8282093336561471909
2024-04-23T07-06-03Z,26877756150516332
2024-05-01T07-00-06Z,5435987833748758134
2024-05-07T06-56-13Z,5362011193175207496
2024-05-14T06-51-59Z,5851953791034525670
2024-05-30T07-02-22Z,7655826242207283508
2024-06-04T07-02-45Z,1137019279538594418
2024-06-12T07-26-32Z,5490125335238810347
2024-06-18T07-06-14Z,4693734114666223331
2024-06-26T06-54-20Z,5652464073904128818
2024-07-02T06-59-22Z,3373172787447430639
2024-07-09T06-59-34Z,3363075876706160090
2024-07-11T22-31-59Z,4669367512185110570
2024-07-15T23-21-53Z,8488170595437314766
2024-07-23T07-01-09Z,3479900285721261675
2024-07-30T07-05-23Z,2083545682007689500
2024-08-06T07-01-00Z,7266219387410144688
2024-08-10T02-47-10Z,7267876679868989367
2024-08-20T07-07-46Z,1664414749991987435
2024-09-05T07-21-53Z,8465732950954643512
2024-09-09T21-20-51Z,4046439875324949060
2024-09-12T01-09-13Z,1881688635234658950
2024-09-17T06-51-00Z,4327100664994006089
2024-09-24T07-31-08Z,8540041622829693467
2024-10-01T06-59-54Z,6807084120720358744
2024-10-08T06-48-40Z,5251938487853430700
2024-10-19T00-53-06Z,2403118169275361721
2024-10-29T07-01-39Z,3055994708570194061
2024-11-14T08-52-38Z,6822963217514328877
2024-11-23T09-25-31Z,1889796903623746342
2024-12-10T08-58-22Z,1648927095957784968
2025-01-15T08-59-20Z,4933790116587996222
2025-01-23T08-58-50Z,4718136326923827337
2025-01-28T08-59-40Z,3061083278700666407
2025-02-04T08-53-39Z,1377106309650123419
2025-02-04T23-55-21Z,4265884563596276308
2025-02-06T08-59-28Z,4975147505187516155
2025-02-19T08-55-04Z,1307792423933311808
2025-02-26T23-36-50Z,5919466227319473704
2025-02-27T09-02-34Z,3160357489632006647
2025-03-04T09-04-25Z,3489955068769125465
2025-03-11T06-55-46Z,6607480439355431189
2025-03-18T07-13-06Z,5097803856103801623
2025-03-25T07-07-29Z,1582756493765280660
2025-04-03T06-59-32Z,6031743046296505373
2025-04-09T07-00-13Z,8338846524221672669
2025-04-14T06-58-37Z,2641180519279006617
2025-04-29T06-57-34Z,7669000341793927604
2025-05-06T07-00-16Z,7642320520027040829
2025-05-07T21-52-20Z,3135954666694521720
2025-05-15T06-49-58Z,2723633102278705532
2025-05-20T06-55-57Z,4391839698241684482
2025-05-28T07-01-17Z,3016417837066142366
2025-06-04T06-51-35Z,5080664627536454461
2025-06-10T06-58-40Z,6443677471211267578
2025-06-17T06-58-11Z,7050735886667230571
2025-06-24T07-27-22Z,1659458336211614018
2025-07-01T07-00-23Z,7447577248175360966
2025-07-08T07-06-28Z,5784366418961596444
2025-07-15T06-55-20Z,8664154683846864732
2025-07-19T02:45:25Z,1151455856673601091
2025-07-29T06-58-32Z,7899039937464568984
2025-07-29T06-58-32Z,7899039937464568984
2025-08-05T06-50-07Z,4076191025518986358
2025-08-05T22-19-31Z,5520001881224031112
2025-08-12T06-48-24Z,2184557283794062898
2025-08-13T03-36-20Z,5207631570671408651
2025-08-19T07-05-32Z,5466215512543998100
2025-09-23T07-01-43Z,2657302048456713518
2025-10-02T21-49-42Z,6772702290242464450
2025-10-08T07-08-14Z,1418906901253545526
2025-10-15T06-58-50Z,8319517313915785243
2025-10-17T06-57-02Z,5388506239382367453
2025-10-22T07-00-51Z,7169438661392841727
2025-10-27T19-10-58Z,337786162060137721
2025-11-10T09-35-41Z,3646542717021497857
2025-12-02T08-58-18Z,4180503790721825891
2025-12-03T05-54-36Z,1575219647815408492
2025-12-08T09-00-30Z,4087482288272916117
2026-01-06T08-53-34Z,8170740399094045439
2026-01-09T23-28-37Z,4119355694530669499
2026-01-22T08-57-11Z,4481515854550855182
2026-02-10T08-54-21Z,8084364846408833108
2026-03-11T19-22-28Z,661297060255129083
2026-03-31T03-05-36Z,5037299340901764828
2026-04-06T21-17-14Z,4057216026455312391
2026-04-07T01-46-39Z,2052205507819513496
2026-04-09T20-43-50Z,1394970706146016719
2026-04-10T20-15-42Z,4979533506678199900
2026-04-13T22-25-41Z,6024791104443738689
2026-04-14T22-12-36Z,5624936761361219605
2026-04-16T21-27-24Z,3878216159449993838
2026-04-21T21-25-26Z,6145137735709303841
2026-04-24T00-46-45Z,1998964058363147943
2026-04-30T22-42-58Z,1779960854709169350
2026-05-06T19-17-46Z,1511638405562826818
2026-05-07T01-03-01Z,4246879031347330887
2026-05-12T18-46-14Z,8867414017562658247
